requirement_id,exact_requirement,authority_status,release_intent,frozen_baseline,proposed_disposition,registry_mutation,implemented,remaining_work,evidence_limit,source_refs,test_refs,actual_receipts,design_case_refs,rationale,source_head,actual_master_run,attempt,qualification
DE-QUOTE-001,A first-class DeliveryQuote must have a stable quote ID.,CURRENT_AUTHORITATIVE,REQUIRED_BEFORE_STABLE_1_0,PARTIAL_IMPLEMENTATION,ALIGNED_EXACT,NONE_REVIEW_PROPOSAL_ONLY,Server-minted canonical UUID4 in immutable QuoteHeader; per-site physical uniqueness; original issue replay returns the same quote identity and expiry. UUID never grants authority.,No missing implementation for this atomic identity requirement. Additional providers must use the issued identity when implemented.,Current retained legacy_fixed_base_v1 adopter; no claim that old RateQuote estimates or third-party shipping calculations are retained quotes.,src/Domain/DeliveryQuote/QuoteId.php; src/Domain/DeliveryQuote/QuoteHeader.php; src/Infrastructure/Persistence/DeliveryQuoteSchema.php; src/Application/DeliveryQuote/QuoteDurableService.php,CoreValuesTest::test_server_identifiers_are_uuid4_and_public_retry_shape_is_only_two_fields; DeliveryQuoteLifecycleRealDatabaseTest::test_issue_original_replay_returns_one_quote_one_event_and_original_expiry,NATIVE-W2Q02-FRESH-WP-LOAD-PROCESS-EXACT-STORED-FACTS; NATIVE-W2Q03-ORIGINAL-ISSUE-REPLAY-NO-RECAPTURE-OR-EXPIRY-EXTENSION,W2Q-01 W2Q-09 W2Q-11 W2Q-13,Complete atomic stable-identity contract is implemented and physically exercised. Proposal only; frozen registry unchanged.,e81db297bb550d420269bc905402eaffcc428aeb,37868163553,1,495 native / 20 CPT / 143 HTTP-browser PASS; all 8 actual jobs SUCCESS
DE-QUOTE-002,"A quote must bind cart or delivery-group fingerprint, origin, destination, service, and quantity.",CURRENT_AUTHORITATIVE,REQUIRED_BEFORE_STABLE_1_0,PARTIAL_IMPLEMENTATION,PARTIAL_IMPLEMENTATION,NONE_REVIEW_PROPOSAL_ONLY,"Canonical complete server context binds stable cart-line/group identity, quantities, product/variation parent, full keyed destination, service/offer, origin/supplier/profile dimensions, inventory evidence and policy candidate set. Every homogeneous supported member is checked; material/order changes cannot hide behind the first member.",COR020 mixed-group split/consolidation tariff decision and qualified additional origin/endpoint/pickup/journey providers remain separate. Full broader product-context coverage is not established by the first fixed-base provider.,Verified homogeneous delivery groups only; service currently maps to offer identity; authored absent dimensions are distinct from unknown. Unknown/mixed dimensions refuse rather than receiving a new tariff.,src/Domain/DeliveryQuote/QuoteContext.php; src/Application/DeliveryQuote/LegacyQuoteNativeSourcePreparer.php; src/Application/DeliveryQuote/LegacyQuoteSourcePlan.php; src/Application/DeliveryQuote/LegacyQuoteSourceSnapshot.php,CoreMaterialTest::test_member_and_object_order_do_not_change_the_material_fingerprint; CoreMaterialTest::test_each_actual_material_edit_changes_the_same_sku_fingerprint; SourceSnapshotTest::test_no_member_can_be_hidden_by_the_first_member_tuple; LegacyPriceProviderRealDatabaseTest::test_plan_refuses_two_physical_scoped_members_with_mixed_identity_in_both_orders,NATIVE-W2Q04-FIXED-ITEM-ALL-MEMBER-QUANTITY; NATIVE-W2Q04-HOMOGENEOUS-KNOWN-DIMENSIONS-NATIVE-PRICE; NATIVE-W2Q04-MIXED-ORIGIN-BOTH-MEMBER-ORDERS-REFUSE; NATIVE-W2Q04-MIXED-SUPPLIER-BOTH-MEMBER-ORDERS-REFUSE; NATIVE-W2Q04-MIXED-PROFILE-BOTH-MEMBER-ORDERS-REFUSE,W2Q-02 W2Q-03 W2Q-20 W2Q-21 W2Q-26 W2Q-31,Bounded material contract is complete; accepted traceability explicitly retains broader-context partial status. Do not equate safe refusal with implemented mixed/journey/endpoint pricing.,e81db297bb550d420269bc905402eaffcc428aeb,37868163553,1,495 native / 20 CPT / 143 HTTP-browser PASS; all 8 actual jobs SUCCESS
DE-QUOTE-003,"A quote must record list price, promotion, final customer price, currency, and tax context.",CURRENT_AUTHORITATIVE,REQUIRED_BEFORE_STABLE_1_0,PARTIAL_IMPLEMENTATION,PARTIAL_IMPLEMENTATION,NONE_REVIEW_PROPOSAL_ONLY,"Immutable terms record distinct list/final/tax/total money, explicit verified promotion none and zero amount, currency/precision, native per-rate tax and rounding/display receipts. Base/presentment/charged currencies must match; known zero is distinct from absent money. Saved orders preserve the captured receipts.","Real delivery promotion/subsidy provider, provider-neutral conversion with original rate/time and broader tax contracts/adapters require separate implementation and proof.","Native same-currency fixed-base charges only. Applied-promotion value shape exists but no live promotion provider; FX, coupons or third-party shipping effects that cannot be proved are refused.",src/Domain/DeliveryQuote/QuoteTerms.php; src/Domain/DeliveryQuote/QuoteMoney.php; src/Application/DeliveryQuote/LegacyFixedBaseQuoteProvider.php; src/Application/DeliveryQuote/QuoteNativeReceiptCapture.php; src/Application/DeliveryQuote/QuoteNativeTaxSource.php; src/Application/Order/DeliveryQuoteSnapshotEnvelope.php,CoreTermsTest::test_precise_rate_taxes_and_captured_display_rounding_remain_distinct; CoreTermsTest::test_unknown_promotion_is_distinct_and_cannot_be_checkout_accepted; QuoteSavedOrderNativeTaxProjectionTest::test_foreign_zero_ids_subsets_tiny_unrounded_amounts_and_source_or_native_changes_refuse,NATIVE-W2Q04-NO-FX-NO-DELIVERY-PROMOTION-VERIFIED; NATIVE-W2Q04-NATIVE-PER-RATE-VERSUS-SUBTOTAL-ROUNDING; NATIVE-W2Q04-METHOD-TAX-STATUS-NONE-IS-NATIVE-AUTHORITY; NATIVE-W2Q04-UNVERIFIED-COUPON-CONTEXT-FAILS-CLOSED; NATIVE-W2Q04-UNKNOWN-CURRENCY-EFFECT-HAS-NO-FX-FALLBACK; HTTP-W2Q06-STOREAPI-FREE-FINAL-POST-SEALED,W2Q-04 W2Q-07 W2Q-24 W2Q-25 W2Q-48,"Required fields are populated truthfully for the adopter, but accepted monetary traceability remains partial until promotion/subsidy/conversion and broader tax adoption are implemented.",e81db297bb550d420269bc905402eaffcc428aeb,37868163553,1,495 native / 20 CPT / 143 HTTP-browser PASS; all 8 actual jobs SUCCESS
DE-QUOTE-004,A quote must record estimated cost and pricing-policy version.,CURRENT_AUTHORITATIVE,REQUIRED_BEFORE_STABLE_1_0,PARTIAL_IMPLEMENTATION,PARTIAL_IMPLEMENTATION,NONE_REVIEW_PROPOSAL_ONLY,"Content-addressed policy version includes complete finite relevant source rows, rate ranges and effective candidate set, with provider/profile versions. Cost is strictly typed unavailable(cost_provider_unavailable), never fabricated zero; known-cost codec is available for a future provider.",A genuine private estimated-cost provider and retained cost amount/currency/provider-version provenance are missing.,"Current actual provider always requires unavailable cost. Customer-charge or fixture known-cost values are not cost estimates; immutable policy digest is a version receipt, not a costing engine.",src/Domain/DeliveryQuote/QuoteTerms.php; src/Application/DeliveryQuote/LegacyFixedBaseQuoteProvider.php; src/Application/DeliveryQuote/LegacyQuoteSourceSnapshot.php; src/Application/Order/DeliveryQuoteSnapshotEnvelope.php,CoreTermsTest::test_unavailable_cost_and_unrecorded_route_do_not_masquerade_as_zero; SourceSnapshotTest::test_same_second_full_row_change_cannot_hide_behind_a_timestamp; SourceSnapshotTest::test_future_candidate_activation_refuses_even_when_all_rows_are_unchanged,NATIVE-W2Q04-NO-FX-NO-DELIVERY-PROMOTION-VERIFIED; NATIVE-W2Q04-NEW-PRECEDENCE-CANDIDATE-REFUSES-ACCEPT-NO-REPRICE; NATIVE-W2Q06-HISTORY-AFTER-RATE-CURRENCY-TAX-CONFIG-CHANGE,W2Q-07 W2Q-22 W2Q-25 W2Q-48,Entire row requires both estimated cost and policy version. Policy version is implemented; actual cost is explicitly unavailable. Accepted D06 expressly retains DE-QUOTE-004 partial.,e81db297bb550d420269bc905402eaffcc428aeb,37868163553,1,495 native / 20 CPT / 143 HTTP-browser PASS; all 8 actual jobs SUCCESS
DE-QUOTE-005,"A quote may record route distance, duration, traffic, vehicle requirement, provider, and provider version.",CURRENT_AUTHORITATIVE,REQUIRED_BEFORE_STABLE_1_0,PARTIAL_IMPLEMENTATION,PARTIAL_IMPLEMENTATION,NONE_REVIEW_PROPOSAL_ONLY,"Private route codec distinguishes not_recorded from explicit known zero and can carry distance/unit, duration_seconds and provider code/version. Shopper projection omits private route facts. Real fixed-base provider and native snapshot deliberately record not_recorded.","No actual routing enrichment provider; strict known-route shape has no traffic basis or vehicle-requirement member. If enrichment is adopted, those named optional facts need versioned contract and capture/privacy/native proof.",The word may makes enrichment optional for issuing current quotes; it does not establish the ability to record every named optional fact. Unit fixture known-distance/duration is not a route execution or ETA promise.,src/Domain/DeliveryQuote/QuoteTerms.php::route; src/Application/DeliveryQuote/LegacyFixedBaseQuoteProvider.php; src/Application/DeliveryQuote/QuoteProjection.php; src/Application/Order/DeliveryQuoteSnapshotEnvelope.php,CoreTermsTest::test_unavailable_cost_and_unrecorded_route_do_not_masquerade_as_zero; CoreTermsTest::test_inconsistent_or_undeclared_receipts_refuse; ProjectionShopperTest,NATIVE-W2Q05-CART-SHOPPER-DTO-FINITE-NO-PRIVATE-FACTS; NATIVE-W2Q05-READER-SAFE-PROJECTIONS; NATIVE-W2Q05-READER-PRIVATE-NESTED-UNKNOWN,W2Q-07 W2Q-34 W2Q-35,Retain conservative partial for the named optional-facts capability; do not invent traffic/vehicle fields or claim a routing/traffic provider from a not_recorded receipt.,e81db297bb550d420269bc905402eaffcc428aeb,37868163553,1,495 native / 20 CPT / 143 HTTP-browser PASS; all 8 actual jobs SUCCESS
DE-QUOTE-006,"A quote must have created, expiry, and status fields.",CURRENT_AUTHORITATIVE,REQUIRED_BEFORE_STABLE_1_0,PARTIAL_IMPLEMENTATION,ALIGNED_EXACT,NONE_REVIEW_PROPOSAL_ONLY,"Strict immutable created_at/expires_at interval, lifecycle state/revision and derived authoritative expiry; schema stores lifecycle and timestamp fields; acceptance history remains readable after expiry.",No missing implementation for this atomic timestamps/status requirement. Expiry is independent of private-payload retention.,Derived expired status need not be written by maintenance. Current supported quote lifetime is fixed absolute 300 seconds with no sliding renewal.,src/Domain/DeliveryQuote/QuoteHeader.php; src/Domain/DeliveryQuote/DeliveryQuote.php; src/Domain/DeliveryQuote/QuoteStoredRow.php; src/Infrastructure/Persistence/DeliveryQuoteSchema.php; src/Application/DeliveryQuote/QuoteLifecycle.php,LifecycleExpiryTest; LifecycleTransitionsTest; CoreMaterialTest::test_header_fixed_half_open_ttl_never_slides_and_clock_regression_refuses; StorageCodecTest,NATIVE-W2Q05-CART-DATABASE-EXPIRY-RETAINS-CHOICES; NATIVE-W2Q06-DATABASE-EXPIRY-BEFORE-FINAL-RECEIPT-WINS,W2Q-05 W2Q-06 W2Q-09 W2Q-27,Complete required created/expiry/status contract is implemented and physically exercised. Proposal only; frozen registry unchanged.,e81db297bb550d420269bc905402eaffcc428aeb,37868163553,1,495 native / 20 CPT / 143 HTTP-browser PASS; all 8 actual jobs SUCCESS
DE-QUOTE-007,A valid quote price must remain frozen until expiry.,CURRENT_AUTHORITATIVE,REQUIRED_BEFORE_STABLE_1_0,PARTIAL_IMPLEMENTATION,ALIGNED_EXACT,NONE_REVIEW_PROPOSAL_ONLY,"Original header/context/terms/body money is immutable through issue, acceptance, invalidation, retries and placement. Changed material or policy refuses current applicability; explicit Refresh creates a new quote visibly reviewed before confirmation. Accepted saved money is never silently repriced.",No missing implementation for this atomic valid-quote price freeze requirement. Additional price/promotion/FX providers remain separate.,Valid means unexpired with equal supported material context under accepted D03. A rule/material change ends applicability rather than grandfathering a changed policy; unknown effects refuse.,src/Domain/DeliveryQuote/DeliveryQuote.php; src/Application/DeliveryQuote/QuoteLifecycle.php; src/Application/DeliveryQuote/QuoteOperationProfile.php; src/Application/DeliveryQuote/LegacyFixedBaseQuoteProvider.php; src/Application/DeliveryQuote/CartQuoteService.php,LifecycleTransitionsTest::test_material_change_requires_new_quote_not_repriced_original; LegacyQuoteProviderTest::test_provider_refuses_changed_context_instead_of_recapturing; CartQuoteServiceTest::test_complete_known_rate_change_is_changed_without_repricing_acceptance_or_history_write,NATIVE-W2Q03-ACCEPT-AND-REPLAY-ONE-MATERIAL-EVENT; NATIVE-W2Q05-CART-WARM-SOURCE-CHANGE-IMMUTABLE-BODY; HTTP-W2Q05-SOURCE-CHANGE-NEW-PRICE-BEFORE-CONFIRM; HTTP-W2Q06-PAID-HISTORY-AFTER-SOURCE-DELETION,W2Q-05 W2Q-06 W2Q-23 W2Q-41 W2Q-47,Entire atomic price-freeze duty is satisfied; refusal of unsupported pricing effects preserves that invariant. Proposal only; frozen registry unchanged.,e81db297bb550d420269bc905402eaffcc428aeb,37868163553,1,495 native / 20 CPT / 143 HTTP-browser PASS; all 8 actual jobs SUCCESS
DE-QUOTE-008,Quote TTL must be distinct from capacity-reservation TTL.,CURRENT_AUTHORITATIVE,REQUIRED_BEFORE_STABLE_1_0,PARTIAL_IMPLEMENTATION,ALIGNED_EXACT,NONE_REVIEW_PROPOSAL_ONLY,"QuoteHeader owns price-validity TTL; acceptance carries no capacity/stock reservation, capacity expiry, placement or payment authority. Q06 placement uses a separate private binding/receipt lifecycle.",No missing implementation for separation. A future capacity-reservation adapter needs its own expiry and contract; no current capacity engine is claimed.,"No physical vehicle/slot is reserved. Admission 60-second preparation lease, quote 300-second validity and payload retention grace are distinct purposes, not capacity holds.",src/Domain/DeliveryQuote/QuoteHeader.php; src/Application/DeliveryQuote/QuoteLifecycle.php; src/Application/DeliveryQuote/QuotePlacementService.php; src/Application/DeliveryQuote/QuoteAdmissionLease.php,LifecycleTransitionsTest::test_acceptance_has_no_reservation_placement_payment_or_stock_hold_fact; LifecycleExpiryTest; PlacementCoreTest,NATIVE-W2Q05-CART-EXPLICIT-CONFIRM-REPLAY-ONE-ACCEPT; NATIVE-W2Q06-C07-FINAL-ACKNOWLEDGED-SEALED-RECEIPT,W2Q-05 W2Q-08 W2Q-19,Original lifecycle addendum expressly allows initially quoting without reserving a vehicle. Complete separation invariant is fulfilled without implementing capacity reservation. Proposal only.,e81db297bb550d420269bc905402eaffcc428aeb,37868163553,1,495 native / 20 CPT / 143 HTTP-browser PASS; all 8 actual jobs SUCCESS
DE-QUOTE-009,"Material cart, destination, service, currency, inventory, or policy changes must trigger revalidation.",CURRENT_AUTHORITATIVE,REQUIRED_BEFORE_STABLE_1_0,PARTIAL_IMPLEMENTATION,PARTIAL_IMPLEMENTATION,NONE_REVIEW_PROPOSAL_ONLY,"Fresh bounded server evidence revalidates every supported material cart/quantity/member, destination/service/source, native currency/tax/money, inventory eligibility and complete candidate/policy receipt. Physical current locks defeat warm caches/preopened RR snapshots. Uncertainty yields unavailable and retains history; known mismatch asks new reviewed quote.",Broader inventory/promotion/FX/policy/provider contexts need their own material receipts and end-to-end revalidation proof. No capacity or external provider applicability is implied by native stock checks.,"Current Woo/native and retained legacy/ECR sources only; unknown coupons, conversion/filter/provider effects are denied instead of supported. Default object cache is physically exercised; Redis/WP Rocket production stack certification remains separate.",src/Application/DeliveryQuote/LegacyQuoteCurrentEvidenceGuard.php; src/Application/DeliveryQuote/LegacyQuoteNativeSourcePreparer.php; src/Application/DeliveryQuote/QuoteCurrentEvidenceGuard.php; src/Application/DeliveryQuote/QuoteSavedOrderNativeTaxGuard.php; src/Application/DeliveryQuote/QuoteDurableService.php; src/Application/DeliveryQuote/CartQuoteService.php,CoreMaterialTest::test_each_actual_material_edit_changes_the_same_sku_fingerprint; LegacyPriceProviderRealDatabaseTest::test_prepared_source_and_warm_guard_refuse_each_independent_physical_change; LegacyPriceProviderRealDatabaseTest::test_preopened_rr_snapshot_cannot_hide_a_later_committed_rate_edit; QuoteNativeOrderStagerTest::test_changed_tax_definition_refuses_even_when_native_money_is_unchanged,NATIVE-W2Q04-WARM-ROUTE-FLAG-SOURCE-CURRENT-REFUSAL; NATIVE-W2Q04-WARM-GEOGRAPHY-SOURCE-CURRENT-REFUSAL; NATIVE-W2Q04-WARM-OFFER-SOURCE-CURRENT-REFUSAL; NATIVE-W2Q04-WARM-INVENTORY-PHYSICAL-EDIT-CURRENT-REFUSAL; NATIVE-W2Q04-WARM-VARIATION-REPARENT-CURRENT-REFUSAL; HTTP-W2Q06-ORDERPAY-CHANGED-303-NO-REPRICE,W2Q-02 W2Q-15 W2Q-22 W2Q-26 W2Q-36 W2Q-41,Complete current-adopter material guard does not complete the accepted broader revalidation/provider duty. Retain PARTIAL_IMPLEMENTATION with new precise evidence.,e81db297bb550d420269bc905402eaffcc428aeb,37868163553,1,495 native / 20 CPT / 143 HTTP-browser PASS; all 8 actual jobs SUCCESS
DE-QUOTE-010,Expired or invalid quotes must fail closed with recoverable customer UX.,CURRENT_AUTHORITATIVE,REQUIRED_BEFORE_STABLE_1_0,PARTIAL_IMPLEMENTATION,ALIGNED_EXACT,NONE_REVIEW_PROPOSAL_ONLY,"Authoritative server expiry/material validity denies confirmation and final placement. Closed safe expired/changed/unconfirmed outcomes offer Refresh or original Retry, preserve selections/destination, require new visible review; native saved-payment expiry/change returns 303 with no payment or repricing.",No missing implementation identified for this atomic recoverable refusal duty on supported native routes. Wider theme/plugin/browser compatibility remains separate.,"Actual Blocks review/refresh/confirm and paid/free final buttons are executed. Expiry-specific E2E proof is native cart, Classic and order-pay plus JS tests; every expired permutation was not separately clicked in Chromium.",src/Application/DeliveryQuote/CartQuoteService.php; src/Presentation/Frontend/QuoteReviewRenderer.php; assets/frontend/delivery-quote-review.js; src/Integrations/DeliveryQuote/QuotePlacementRuntime.php; src/Integrations/DeliveryQuote/QuoteNativeOrderPayContinuation.php,CartQuoteServiceTest::test_authoritative_expiry_controls_outer_and_nested_projection; CartQuoteServiceTest::test_changed_draft_and_unknown_current_evidence_preserve_choices_and_history; QuoteReviewRendererTest::test_expired_or_changed_view_preserves_customer_recovery_without_claiming_current_acceptance; tests/js/delivery-quote-review.test.js,NATIVE-W2Q05-CART-DATABASE-EXPIRY-RETAINS-CHOICES; HTTP-W2Q05-SOURCE-CHANGE-NEW-PRICE-BEFORE-CONFIRM; HTTP-W2Q06-CLASSIC-LATE-EXPIRY-NO-PAYMENT; HTTP-W2Q06-ORDERPAY-EXPIRED-303-NO-PAYMENT; HTTP-W2Q06-ORDERPAY-CHANGED-303-NO-REPRICE; HTTP-W2Q05-BLOCKS-REFRESH-PRICE-REQUIRES-CONFIRM,W2Q-06 W2Q-34 W2Q-40 W2Q-41 W2Q-47,Entire atomic fail-closed/recoverable shopper contract is implemented and exercised across mounted services/routes. Proposal only; it does not certify every theme or production installation.,e81db297bb550d420269bc905402eaffcc428aeb,37868163553,1,495 native / 20 CPT / 143 HTTP-browser PASS; all 8 actual jobs SUCCESS
DE-QUOTE-011,Accepted quote facts must be snapshotted and never reconstructed from current rules.,CURRENT_AUTHORITATIVE,REQUIRED_BEFORE_STABLE_1_0,PARTIAL_IMPLEMENTATION,ALIGNED_EXACT,NONE_REVIEW_PROPOSAL_ONLY,Immutable accepted quote body plus reader-first strict versioned envelope installs exact captured money/provenance and linked quote/material/placement/context digests into managed order and item snapshots before saved freeze. Physical readback verifies mapping/bytes; prepared/verified/sealed histories are not overwritten. History readers do not consult current pricing/tax/currency sources.,No missing implementation for accepted retained-quote snapshot/non-reconstruction duty. New optional provider formats require separate reader-first versioned work; no inferred backfill of old orders.,Protected format1/profile legacy_fixed_base_v1 only; genuine legacy V1/V2/C05 absence remains legacy. Unknown/malformed mandatory format refuses. HPOS/CPT native proof and actual paid/free Classic/Store/Blocks/history proof are bounded to the pinned disposable stack.,src/Application/Order/DeliveryQuoteSnapshotEnvelope.php; src/Application/Order/DeliveryQuoteSnapshotReader.php; src/Application/Order/QuoteNativeOrderStager.php; src/Application/Order/QuoteNativeOrderHistory.php; src/Application/Order/OrderDeliverySnapshotReader.php; src/Application/DeliveryQuote/QuotePlacementService.php,QuoteNativeOrderStagerTest::test_stages_captured_facts_and_verifies_saved_bytes_before_freeze; QuoteNativeOrderStagerTest::test_read_only_replay_never_changes_original_snapshots_or_timestamps; QuoteNativeOrderStagerTest::test_paid_callback_preserves_captured_history_without_repricing; DeliveryQuoteSnapshotReaderTest::test_known_quote_packet_reads_old_history_after_expiry_without_live_sources_or_writes,NATIVE-W2Q06-CLASSIC-PREFREEZE-EXACT-SAVED-CONTEXT; NATIVE-W2Q06-VERIFIED-SAVED-WRITER-REENTRY-NO-RETIMESTAMP; NATIVE-W2Q06-HISTORY-AFTER-RATE-CURRENCY-TAX-CONFIG-CHANGE; NATIVE-W2Q06-HPOS-OFF-HISTORY-AFTER-RATE-CURRENCY-TAX-CONFIG-CHANGE; HTTP-W2Q06-CLASSIC-CHANGED-RETRY-NEW-ORDER-OLD-HISTORY; HTTP-W2Q06-PAID-HISTORY-AFTER-SOURCE-DELETION,W2Q-29 W2Q-39 W2Q-42 W2Q-43 W2Q-44 W2Q-45 W2Q-48,"Q06 has now fulfilled the accepted plan's native accepted-placement/history prerequisite for reviewing this atomic row as implemented. Proposed ALIGNED_EXACT is separate from frozen baseline, release and adoption.",e81db297bb550d420269bc905402eaffcc428aeb,37868163553,1,495 native / 20 CPT / 143 HTTP-browser PASS; all 8 actual jobs SUCCESS
DE-QUOTE-012,Quote creation and acceptance must be idempotent where requests can repeat.,CURRENT_AUTHORITATIVE,REQUIRED_BEFORE_STABLE_1_0,PARTIAL_IMPLEMENTATION,ALIGNED_EXACT,NONE_REVIEW_PROPOSAL_ONLY,Original issue token/canonical intent and purpose-specific C03 namespaces identify repeatable commands. Admission prevents duplicate capture; changed intent conflicts. Issue/accept retain one effect/event/completion and original identity/expiry. Unknown committed outcomes retire the owner and reconcile original namespaces; network/same-envelope and cross-route retries do not duplicate orders/bindings.,No missing implementation for creation/acceptance idempotency. Third-party gateway universal idempotency is a separate payment integration concern.,Original request envelope is the replay unit; a deliberately new explicit Refresh creates a new reviewed quote. Unknown outcomes cannot be treated as successful or replaced opportunistically.,src/Application/DeliveryQuote/QuoteIssueCommand.php; src/Application/DeliveryQuote/QuoteDurableCommand.php; src/Application/DeliveryQuote/QuoteDurableService.php; src/Application/DeliveryQuote/QuoteAdmissionGate.php; src/Application/DeliveryQuote/CartQuoteService.php; src/Application/DeliveryQuote/QuoteOperationProfile.php,DeliveryQuoteLifecycleRealDatabaseTest; DurableLifecycleTest; CartQuoteServiceTest::test_accept_commit_unknown_replays_without_second_audit_or_new_quote; CartQuoteServiceTest::test_confirm_is_explicit_and_repeated_confirmation_is_read_only,NATIVE-W2Q03-ORIGINAL-ISSUE-REPLAY-NO-RECAPTURE-OR-EXPIRY-EXTENSION; NATIVE-W2Q03-ACCEPTED-ORIGINAL-REPLAY-EXACT-COMPLETION; NATIVE-W2Q03-FRESH-WP-LOAD-ORIGINAL-RECONCILIATION; NATIVE-W2Q05-CART-LOST-ACCEPT-ACK-ORIGINAL-RETRY; HTTP-W2Q06-CLASSIC-UNKNOWN-SEAL-STOREAPI-ORIGINAL-RECOVERY; HTTP-W2Q06-STOREAPI-UNKNOWN-SEAL-CLASSIC-ORIGINAL-RECOVERY,W2Q-01 W2Q-13 W2Q-14 W2Q-15 W2Q-16 W2Q-17 W2Q-18 W2Q-33 W2Q-38 W2Q-45,"Entire repeated creation/acceptance duty is implemented, physically exercised and preserved in mounted native transports. Proposal only; frozen registry unchanged.",e81db297bb550d420269bc905402eaffcc428aeb,37868163553,1,495 native / 20 CPT / 143 HTTP-browser PASS; all 8 actual jobs SUCCESS
