requirement_id,requirement,current_authority,current_release_intent,current_conformance,proposed_slice,checkpoints,future_cases,dependency_ids,design_obligation,remaining_boundary,evidence_state
DE-QUOTE-001,A first-class DeliveryQuote must have a stable quote ID.,CURRENT_AUTHORITATIVE,REQUIRED_BEFORE_STABLE_1_0,PARTIAL_IMPLEMENTATION,bounded lifecycle,Q01 Q02 Q03,W2Q-01 W2Q-09 W2Q-11 W2Q-13,DE-API-005 DE-API-008 DE-SEC-002,Stable server UUID and original replay; no ID authority,All providers must use issued identity,DESIGN_ONLY_NOT_EXECUTED
DE-QUOTE-002,"A quote must bind cart or delivery-group fingerprint, origin, destination, service, and quantity.",CURRENT_AUTHORITATIVE,REQUIRED_BEFORE_STABLE_1_0,PARTIAL_IMPLEMENTATION,partial broader contexts,Q01 Q04 Q05,W2Q-02 W2Q-03 W2Q-20 W2Q-21 W2Q-26 W2Q-31,DE-CTX-004 DE-CTX-005 DE-GROUP-001 DE-GROUP-002 DE-GROUP-003 DE-GROUP-004 DE-GROUP-006 DE-LOG-005 DE-PERF-004,Full server material context for homogeneous declared subset,COR020 mixed-group tariff and other origin/endpoint providers,DESIGN_ONLY_NOT_EXECUTED
DE-QUOTE-003,"A quote must record list price, promotion, final customer price, currency, and tax context.",CURRENT_AUTHORITATIVE,REQUIRED_BEFORE_STABLE_1_0,PARTIAL_IMPLEMENTATION,partial monetary adopters,Q01 Q04 Q06,W2Q-04 W2Q-07 W2Q-24 W2Q-25 W2Q-48,DE-PROMO-001 DE-PROMO-003 DE-PROMO-005 DE-ECON-001 DE-ECON-004 DE-FX-002 DE-FX-003 DE-FX-005 DE-TAX-001 DE-TAX-002 DE-TAX-004,Verified base-only list/final no-delivery-promo native tax/currency receipt,Promotion/subsidy and conversion providers; complete broader tax contracts,DESIGN_ONLY_NOT_EXECUTED
DE-QUOTE-004,A quote must record estimated cost and pricing-policy version.,CURRENT_AUTHORITATIVE,REQUIRED_BEFORE_STABLE_1_0,PARTIAL_IMPLEMENTATION,partial until actual cost provider,Q01 Q04 Q06,W2Q-07 W2Q-22 W2Q-25 W2Q-48,DE-ECON-001 DE-ECON-002 DE-ECON-003 DE-ECON-005 DE-ECON-007 DE-ECON-008 DE-SEC-004,Content-addressed policy version and typed unavailable cost,No fabricated cost; actual private economics provider still required,DESIGN_ONLY_NOT_EXECUTED
DE-QUOTE-005,"A quote may record route distance, duration, traffic, vehicle requirement, provider, and provider version.",CURRENT_AUTHORITATIVE,REQUIRED_BEFORE_STABLE_1_0,PARTIAL_IMPLEMENTATION,optional facts contract,Q01 Q04,W2Q-07 W2Q-34 W2Q-35,DE-LOG-003 DE-LOG-005 DE-SEC-004 DE-SEC-005 DE-SEC-006,Finite optional route measurement/provider version or not_recorded,Routing provider enrichment separate; private route facts never public,DESIGN_ONLY_NOT_EXECUTED
DE-QUOTE-006,"A quote must have created, expiry, and status fields.",CURRENT_AUTHORITATIVE,REQUIRED_BEFORE_STABLE_1_0,PARTIAL_IMPLEMENTATION,bounded lifecycle,Q01 Q02 Q03,W2Q-05 W2Q-06 W2Q-09 W2Q-27,DE-DATA-001 DE-DATA-002 DE-API-010,Created/expiry/status immutable lifetime and guarded revisions,Validity expiry is independent of payload purge,DESIGN_ONLY_NOT_EXECUTED
DE-QUOTE-007,A valid quote price must remain frozen until expiry.,CURRENT_AUTHORITATIVE,REQUIRED_BEFORE_STABLE_1_0,PARTIAL_IMPLEMENTATION,bounded approved price mode,Q01 Q03 Q04 Q06,W2Q-05 W2Q-06 W2Q-23 W2Q-41 W2Q-47,DE-PROMO-006 DE-FX-003 DE-TAX-001 DE-SEC-003,Never reprice body; material change requires new reviewed quote,Does not grandfather changed policy; unknown provider refuses,DESIGN_ONLY_NOT_EXECUTED
DE-QUOTE-008,Quote TTL must be distinct from capacity-reservation TTL.,CURRENT_AUTHORITATIVE,REQUIRED_BEFORE_STABLE_1_0,PARTIAL_IMPLEMENTATION,bounded lifecycle,Q01 Q03,W2Q-05 W2Q-08 W2Q-19,DE-QUOTE-006 DE-QUOTE-009 DE-SEC-003,Quote TTL distinct; no implied inventory/capacity reservation,Capacity adapter has its own future contract and expiry,DESIGN_ONLY_NOT_EXECUTED
DE-QUOTE-009,"Material cart, destination, service, currency, inventory, or policy changes must trigger revalidation.",CURRENT_AUTHORITATIVE,REQUIRED_BEFORE_STABLE_1_0,PARTIAL_IMPLEMENTATION,partial wider providers,Q01 Q04 Q05 Q06,W2Q-02 W2Q-15 W2Q-22 W2Q-26 W2Q-36 W2Q-41,DE-PERF-004 DE-PERF-006 DE-PERF-007 DE-CTX-001 DE-CTX-004 DE-CTX-005 DE-RULE-003 DE-PROMO-006 DE-FX-004 DE-SEC-003,Current declared material facts and source locks; stale invalidation no reprice,Broader inventory/promo/FX/policy providers require separate proof,DESIGN_ONLY_NOT_EXECUTED
DE-QUOTE-010,Expired or invalid quotes must fail closed with recoverable customer UX.,CURRENT_AUTHORITATIVE,REQUIRED_BEFORE_STABLE_1_0,PARTIAL_IMPLEMENTATION,bounded native adopter,Q01 Q05 Q06,W2Q-06 W2Q-34 W2Q-40 W2Q-41 W2Q-47,DE-API-006 DE-API-009 DE-API-010 DE-SEC-003 DE-SEC-007 DE-GROUP-005,Recoverable expiry/change/unknown refusal and retained choices,Actual Classic/Blocks/order-pay response proof needed,DESIGN_ONLY_NOT_EXECUTED
DE-QUOTE-011,Accepted quote facts must be snapshotted and never reconstructed from current rules.,CURRENT_AUTHORITATIVE,REQUIRED_BEFORE_STABLE_1_0,PARTIAL_IMPLEMENTATION,placement dependency until Q06,Q02 Q05 Q06,W2Q-29 W2Q-39 W2Q-42 W2Q-43 W2Q-44 W2Q-45 W2Q-48,DE-SNAP-001 DE-SNAP-002 DE-SNAP-003 DE-SNAP-004 DE-SNAP-005 DE-SNAP-008 DE-RULE-005 DE-PROMO-007 DE-FX-005 DE-TAX-004 DE-DATA-004,Reader-first accepted quote facts then proposed COR029 sealing,Internal accepted row alone cannot complete native order snapshot duty,DESIGN_ONLY_NOT_EXECUTED
DE-QUOTE-012,Quote creation and acceptance must be idempotent where requests can repeat.,CURRENT_AUTHORITATIVE,REQUIRED_BEFORE_STABLE_1_0,PARTIAL_IMPLEMENTATION,bounded creation/acceptance,Q01 Q03 Q06,W2Q-01 W2Q-13 W2Q-14 W2Q-15 W2Q-16 W2Q-17 W2Q-18 W2Q-33 W2Q-38 W2Q-45,DE-API-005 DE-API-007 DE-API-008 DE-SEC-001 DE-SEC-002 DE-SEC-010,Original immutable intent C03 replay and lost-ack reconcile,No renewed TTL second effect or authority from token,DESIGN_ONLY_NOT_EXECUTED
