requirement_id,required_observation,current_authority,release_intent,frozen_conformance,proposal,future_observation_ids,existing_primitive_paths,existing_primitive_is_complete_promise_proof,future_execution_status,reviewed_master,classification_change
DE-PROMISE-001,"Promise calculation must separate processing, transit, and final-mile components.",CURRENT_AUTHORITATIVE,REQUIRED_BEFORE_STABLE_1_0,PARTIAL_IMPLEMENTATION,Typed components and explicit final endpoint; zero distinct from missing.,W2P-01 W2P-03 W2P-13 W2P-14,src/Domain/ValueObject/DurationRange.php;src/Application/Selector/DeliveryEstimateFormatter.php,NO,UNEXECUTED_DESIGN,62fc5d00f93b2d651b4e20ab7ad4019b92fc82dc,NONE
DE-PROMISE-002,"Promise policy must support Express, Same Day, Next Day, Standard, Relaxed, and merchant-defined service levels.",CURRENT_AUTHORITATIVE,REQUIRED_BEFORE_STABLE_1_0,PARTIAL_IMPLEMENTATION,Service code/label distinct; literal local-day completion and truthful alternatives.,W2P-02 W2P-11 W2P-12,src/Infrastructure/Persistence/WpdbDeliveryOfferRepository.php;src/Application/Selector/ProductDeliveryOptionsBuilder.php,NO,UNEXECUTED_DESIGN,62fc5d00f93b2d651b4e20ab7ad4019b92fc82dc,NONE
DE-PROMISE-003,Promise calculation must use business calendars and closure dates.,CURRENT_AUTHORITATIVE,REQUIRED_BEFORE_STABLE_1_0,PARTIAL_IMPLEMENTATION,Versioned calendars/closures/IANA zones; finite lookahead and explicit DST.,W2P-06 W2P-07 W2P-08 W2P-09 W2P-31,src/Domain/RuleLifecycle/RuleVersion.php;src/Domain/RuleLifecycle/RuleTime.php,NO,UNEXECUTED_DESIGN,62fc5d00f93b2d651b4e20ab7ad4019b92fc82dc,NONE
DE-PROMISE-004,Promise calculation must enforce service cutoffs.,CURRENT_AUTHORITATIVE,REQUIRED_BEFORE_STABLE_1_0,PARTIAL_IMPLEMENTATION,Cutoff equality misses service window; upper completion feasibility is separate.,W2P-10 W2P-11 W2P-12 W2P-23,src/Domain/RuleLifecycle/RuleInterval.php;src/Domain/DeliveryQuote/QuoteHeader.php,NO,UNEXECUTED_DESIGN,62fc5d00f93b2d651b4e20ab7ad4019b92fc82dc,NONE
DE-PROMISE-005,Promise calculation must consider capacity where configured.,CURRENT_AUTHORITATIVE,REQUIRED_BEFORE_STABLE_1_0,PARTIAL_IMPLEMENTATION,Required native revisioned capacity observation; unknown/stale refuse; reservation separate.,W2P-16 W2P-17 W2P-23,src/Domain/DeliveryQuote/QuoteBudgetSlot.php;src/Application/DeliveryQuote/QuoteAdmissionGate.php,NO,UNEXECUTED_DESIGN,62fc5d00f93b2d651b4e20ab7ad4019b92fc82dc,NONE
DE-PROMISE-006,Sequential and parallel legs must aggregate promises correctly.,CURRENT_AUTHORITATIVE,REQUIRED_BEFORE_STABLE_1_0,PARTIAL_IMPLEMENTATION,Bounded acyclic temporal plan; series carry and parallel max join.,W2P-01 W2P-13 W2P-14 W2P-15,src/Domain/ValueObject/DurationRange.php;src/Application/Selector/DeliveryEstimateFormatter.php,NO,UNEXECUTED_DESIGN,62fc5d00f93b2d651b4e20ab7ad4019b92fc82dc,NONE
DE-PROMISE-007,Promise results must identify the governing policy version.,CURRENT_AUTHORITATIVE,REQUIRED_BEFORE_STABLE_1_0,PARTIAL_IMPLEMENTATION,Exact policy/calendar/source/runtime receipts; immutable versions and original replay.,W2P-04 W2P-18 W2P-19 W2P-24 W2P-25,src/Domain/RuleLifecycle/RuleVersionReference.php;src/Domain/DeliveryQuote/QuoteContext.php;src/Domain/DeliveryQuote/QuoteTerms.php,NO,UNEXECUTED_DESIGN,62fc5d00f93b2d651b4e20ab7ad4019b92fc82dc,NONE
DE-PROMISE-008,Customer-facing ETA must be explainable and localized.,CURRENT_AUTHORITATIVE,REQUIRED_BEFORE_STABLE_1_0,PARTIAL_IMPLEMENTATION,Localized whitelist and explanations; absolute/relative anchor/timezone explicit.,W2P-04 W2P-20 W2P-29,src/Application/Selector/DeliveryEstimateFormatter.php;src/Integrations/Blocks/BlocksPublicPayload.php,NO,UNEXECUTED_DESIGN,62fc5d00f93b2d651b4e20ab7ad4019b92fc82dc,NONE
DE-PROMISE-009,Promise failure must not silently display an invented date.,CURRENT_AUTHORITATIVE,REQUIRED_BEFORE_STABLE_1_0,PARTIAL_IMPLEMENTATION,"Typed unavailable/ineligible; no null-to-zero, invented dates or legacy payment fallback.",W2P-05 W2P-09 W2P-15 W2P-16 W2P-26 W2P-30 W2P-31,src/Application/Selector/CustomerVisibleDeliveryOptionGate.php;src/Application/Order/SnapshotExtensionParser.php,NO,UNEXECUTED_DESIGN,62fc5d00f93b2d651b4e20ab7ad4019b92fc82dc,NONE
DE-PROMISE-010,Accepted promise facts must be frozen into the order snapshot.,CURRENT_AUTHORITATIVE,REQUIRED_BEFORE_STABLE_1_0,PARTIAL_IMPLEMENTATION,Reader-first versioned mandatory accepted packet and original/current ETA split.,W2P-21 W2P-22 W2P-24 W2P-25 W2P-26 W2P-27 W2P-28 W2P-32,src/Application/Order/QuoteNativeOrderStager.php;src/Application/Order/DeliveryQuoteSnapshotEnvelope.php;src/Application/Order/OrderDeliverySnapshotReader.php;src/Application/Shipment/ShipmentEtaService.php,NO,UNEXECUTED_DESIGN,62fc5d00f93b2d651b4e20ab7ad4019b92fc82dc,NONE
