requirement_id,applicability,requirement_text,frozen_conformance,contract_treatment,decisions,proposed_units,proposed_acceptance_cases,planned_wave1_status
DE-API-001,primary,"Standalone must expose versioned shopper, admin, integration, webhook, and diagnostic API surfaces as appropriate.",MISSING_IMPLEMENTATION,classification_now_routes_later,D04,W1-C01,T01,PROPOSED_NOT_EXECUTED
DE-API-002,primary,REST and Store API handlers must call the same application services as internal flows.,MISSING_IMPLEMENTATION,shared_authority_contract_adapter_later,D04;D06,W1-C01;W1-C07,T01;T21,PROPOSED_NOT_EXECUTED
DE-API-003,primary,"OpenAPI must describe routes, schemas, authentication, errors, examples, pagination, and versioning.",MISSING_IMPLEMENTATION,OpenAPI_dependency_runtime_later,D04,W1-C01,T01,PROPOSED_NOT_EXECUTED
DE-API-004,primary,JSON Schema must define public request and response contracts.,MISSING_IMPLEMENTATION,internal_shapes_now_public_schema_later,D04;D05,W1-C01,T01;T02,PROPOSED_NOT_EXECUTED
DE-API-005,primary,Mutating endpoints must support idempotency keys where repetition is possible.,MISSING_IMPLEMENTATION,replay_contract_then_durability,D06,W1-C01;W1-C03,T03;T04;T07;T08,PROPOSED_NOT_EXECUTED
DE-API-006,primary,Responses and logs must carry correlation or request IDs.,MISSING_IMPLEMENTATION,request_correlation,D05,W1-C01;W1-C02,T02;T05;T06,PROPOSED_NOT_EXECUTED
DE-API-007,primary,Concurrent resource changes should support ETag or equivalent optimistic concurrency where appropriate.,MISSING_IMPLEMENTATION,revision_and_exact_identity,D01;D06,W1-C01;W1-C03;W1-C04,T04;T07;T10,PROPOSED_NOT_EXECUTED
DE-API-008,primary,Authorization must be capability and object scoped.,MISSING_IMPLEMENTATION,capability_target_and_replay,D06;D11,W1-C01;W1-C02;W1-C03,T04;T05;T07,PROPOSED_NOT_EXECUTED
DE-API-009,primary,Public responses must expose only customer-safe fields.,MISSING_IMPLEMENTATION,customer_safe_projection,D05;D11,W1-C01;W1-C02,T02;T05,PROPOSED_NOT_EXECUTED
DE-API-010,primary,"Errors must be structured, stable, localized at presentation boundaries, and fail closed.",MISSING_IMPLEMENTATION,safe_codes_outcome_localization,D05;D06,W1-C01,T02;T04,PROPOSED_NOT_EXECUTED
DE-API-011,primary,"Public contracts must be classified stable, experimental, or internal with deprecation policy.",MISSING_IMPLEMENTATION,classification_deprecation,D04,W1-C01,T01,PROPOSED_NOT_EXECUTED
DE-API-012,primary,API rate and abuse protection must be appropriate to quote and geography cost.,MISSING_IMPLEMENTATION,budget_authority_contract_runtime_later,D04;D12,W1-C01;W1-C07,T01;T21,PROPOSED_NOT_EXECUTED
DE-DATA-001,primary,Every data class must have an explicit retention and cleanup policy.,PARTIAL_IMPLEMENTATION,class_ownership_retention_registry,D08;D09,W1-C06,T15;T16;T17,PROPOSED_NOT_EXECUTED
DE-DATA-002,primary,Quotes and transient traces must expire without deleting contractual snapshots.,PARTIAL_IMPLEMENTATION,separate_transient_expiry_from_contract_history,D08,W1-C06,T15;T16,PROPOSED_NOT_EXECUTED
DE-DATA-003,primary,Logs must be configurable and redacted.,PARTIAL_IMPLEMENTATION,configurable_allowlisted_log_redaction,D08;D11,W1-C02;W1-C06,T05;T15,PROPOSED_NOT_EXECUTED
DE-DATA-004,primary,Order snapshots and policy history must not be garbage collected.,PARTIAL_IMPLEMENTATION,contract_history_no_ordinary_GC,D07;D08,W1-C05;W1-C06,T12;T15,PROPOSED_NOT_EXECUTED
DE-DATA-005,primary,Deactivation must not delete data.,PARTIAL_IMPLEMENTATION,deactivate_preserves_data,D08,W1-C06,T17,PROPOSED_NOT_EXECUTED
DE-DATA-006,primary,Uninstall deletion must require explicit merchant intent and remain bounded to plugin-owned data.,PARTIAL_IMPLEMENTATION,merchant_intent_owned_inventory_uninstall,D08;D09,W1-C06,T17,PROPOSED_NOT_EXECUTED
DE-DATA-007,primary,Background cleanup must use bounded scheduled work and must not delete shared Action Scheduler tables.,PARTIAL_IMPLEMENTATION,owned_bounded_scheduled_cleanup,D09,W1-C06,T16,PROPOSED_NOT_EXECUTED
DE-FLAG-001,primary,Major runtime modules and adapters must support controlled enablement.,PARTIAL_IMPLEMENTATION,controlled_module_enablement,D10,W1-C07,T18;T19,PROPOSED_NOT_EXECUTED
DE-FLAG-002,primary,Feature flags must preserve configuration and history when disabled.,PARTIAL_IMPLEMENTATION,disable_preserves_config_history,D08;D10,W1-C06;W1-C07,T15;T18,PROPOSED_NOT_EXECUTED
DE-FLAG-003,primary,A global emergency disable must stop Delivery Engine checkout effects safely.,PARTIAL_IMPLEMENTATION,managed_checkout_suspension,D10,W1-C07,T18;T19,PROPOSED_NOT_EXECUTED
DE-FLAG-004,primary,Flags must support gradual rollout or bounded activation where appropriate.,PARTIAL_IMPLEMENTATION,consistent_bounded_cohort_policy_before_rollout,D10,W1-C07,T19,PROPOSED_NOT_EXECUTED
DE-FLAG-005,primary,Flag state and operational impact must be visible in diagnostics.,PARTIAL_IMPLEMENTATION,truthful_flag_impact_diagnostics,D10;D11,W1-C02;W1-C07,T06;T19,PROPOSED_NOT_EXECUTED
DE-RULE-001,primary,"Business rules must have draft, published, retired, and scheduled lifecycle states.",PARTIAL_IMPLEMENTATION,lifecycle,D01;D02,W1-C04,T09;T10,PROPOSED_NOT_EXECUTED
DE-RULE-002,primary,"Rules must retain version, effective-from, effective-until, author, and change reason.",PARTIAL_IMPLEMENTATION,version_time_author_reason,D01;D02;D11,W1-C04,T09;T10,PROPOSED_NOT_EXECUTED
DE-RULE-003,primary,Only published and currently effective rules may drive customer results.,PARTIAL_IMPLEMENTATION,runtime_eligibility_contract,D02;D03,W1-C04,T09;T10,PROPOSED_NOT_EXECUTED
DE-RULE-004,primary,Rule precedence and conflicts must be deterministic and diagnosable.,PARTIAL_IMPLEMENTATION,precedence_conflicts,D03;D11,W1-C04,T10;T11,PROPOSED_NOT_EXECUTED
DE-RULE-005,primary,Historical orders must retain the applied rule or policy version.,PARTIAL_IMPLEMENTATION,historical_version_reference,D01;D07,W1-C04;W1-C05,T10;T12;T14,PROPOSED_NOT_EXECUTED
DE-RULE-006,primary,Rule changes must support impact preview or dry-run.,PARTIAL_IMPLEMENTATION,read_only_preview,D03,W1-C04,T11,PROPOSED_NOT_EXECUTED
DE-RULE-007,primary,Emergency disable must not destroy rule history.,PARTIAL_IMPLEMENTATION,preserve_history_on_disable,D08;D10,W1-C06;W1-C07,T15;T18,PROPOSED_NOT_EXECUTED
DE-SNAP-001,primary,"Each order line must retain immutable product, variation, quantity, fulfillment, and selected-offer facts.",IMPLEMENTATION_SUPERIOR_ADOPT,preserve_existing_line_facts,D07,W1-C05,T12;T13,PROPOSED_NOT_EXECUTED
DE-SNAP-002,primary,Snapshots must retain destination or pickup endpoint and delivery-group identity.,PARTIAL_IMPLEMENTATION,preserve_endpoint_group_identity,D07,W1-C05,T12;T13,PROPOSED_NOT_EXECUTED
DE-SNAP-003,primary,"Snapshots must retain quoted amount, currency, rate-card identity, and quote status.",PARTIAL_IMPLEMENTATION,preserve_money_quote_fields,D07,W1-C05,T12;T14,PROPOSED_NOT_EXECUTED
DE-SNAP-004,primary,"Snapshots must retain customer-facing offer label, description, and estimate.",PARTIAL_IMPLEMENTATION,preserve_customer_order_text,D07;D11,W1-C05,T12;T14,PROPOSED_NOT_EXECUTED
DE-SNAP-005,primary,Snapshots must retain applied DeliveryQuote identity and pricing-policy version.,PARTIAL_IMPLEMENTATION,typed_quote_policy_extension_business_writer_later,D01;D07,W1-C05,T13;T14,PROPOSED_NOT_EXECUTED
DE-SNAP-006,primary,Snapshots must retain fulfillment labels and promise-policy version.,PARTIAL_IMPLEMENTATION,typed_label_promise_extension_business_writer_later,D07,W1-C05,T13;T14,PROPOSED_NOT_EXECUTED
DE-SNAP-007,primary,"Snapshots must retain Return Policy and Refund Policy versions, summaries, full text, and exceptions.",PARTIAL_IMPLEMENTATION,typed_independent_return_refund_extensions_business_writer_later,D07,W1-C05,T13;T14,PROPOSED_NOT_EXECUTED
DE-SNAP-008,primary,Historical snapshots must never be rewritten from current configuration.,PARTIAL_IMPLEMENTATION,historical_read_preservation_COR029_writer_separate,D07;D08,W1-C05;W1-C06,T12;T13;T15,PROPOSED_NOT_EXECUTED
DE-CONFIG-007,cross_cutting,Configuration writes must be audited and versioned.,ALIGNED_EXACT,preserve_existing_scoped_audit_revision_replay,D01;D06;D08,W1-C01;W1-C03;W1-C06,T03;T08;T15,PROPOSED_NOT_EXECUTED
DE-DIAG-004,cross_cutting,"Logs must use WooCommerce logging, correlation IDs, severity, and redaction.",PARTIAL_IMPLEMENTATION,logging_correlation_severity_redaction,D05;D11,W1-C01;W1-C02,T02;T05,PROPOSED_NOT_EXECUTED
DE-DIAG-005,cross_cutting,Diagnostics must remain truthful when an analysis is bounded or incomplete.,PARTIAL_IMPLEMENTATION,bounded_incomplete_truth,D09;D11,W1-C02;W1-C06,T06;T16,PROPOSED_NOT_EXECUTED
DE-DIAG-006,cross_cutting,Cached and uncached matching must preserve equivalent explainability.,PARTIAL_IMPLEMENTATION,cached_uncached_semantic_explanation,D11,W1-C02,T06,PROPOSED_NOT_EXECUTED
DE-DIAG-007,cross_cutting,Monitoring must not expose private commercial or customer data.,PARTIAL_IMPLEMENTATION,diagnostic_privacy,D11,W1-C02,T05,PROPOSED_NOT_EXECUTED
DE-FAM-005,cross_cutting,Standalone core must operate with WooCommerce as its only hard application dependency.,INTENTIONALLY_NON_CODE,Woo_only_hard_application_dependency,D04;D12,W1-C01;W1-C07,T01;T21,PROPOSED_NOT_EXECUTED
DE-OWN-001,cross_cutting,"WooCommerce owns products, variations, carts, checkout, orders, customers, payments, refunds, taxes, and accounts.",ALIGNED_SEMANTICALLY_EQUIVALENT,Woo_order_payment_privacy_authority,D07;D08;D10,W1-C05;W1-C06;W1-C07,T12;T17;T18,PROPOSED_NOT_EXECUTED
DE-OWN-003,cross_cutting,"The Delivery Engine must not duplicate merchandise pricing, stock, payment, tax, identity, or product-master authority.",ALIGNED_SEMANTICALLY_EQUIVALENT,no_duplicate_commerce_authority,D04;D10;D11,W1-C01;W1-C02;W1-C07,T01;T05;T18,PROPOSED_NOT_EXECUTED
DE-SEC-001,cross_cutting,"Every administrative write must enforce capability, nonce, validation, and object scope.",PARTIAL_IMPLEMENTATION,administrative_mutation_authority,D03;D06;D10,W1-C03;W1-C04;W1-C07,T07;T10;T19,PROPOSED_NOT_EXECUTED
DE-SEC-002,cross_cutting,Public canonical IDs and selection payloads must be treated as untrusted input.,PARTIAL_IMPLEMENTATION,untrusted_ID_revision_token_inputs,D05;D06,W1-C01;W1-C03,T02;T03;T07,PROPOSED_NOT_EXECUTED
DE-SEC-003,cross_cutting,"Money, eligibility, promise, and shipment transitions must be server-authoritative.",PARTIAL_IMPLEMENTATION,existing_server_commerce_authority_preserved,D03;D07;D10,W1-C04;W1-C05;W1-C07,T11;T12;T18,PROPOSED_NOT_EXECUTED
DE-SEC-004,cross_cutting,"Public payloads must exclude supplier, origin, rate-card, internal-cost, margin, and secret data.",PARTIAL_IMPLEMENTATION,public_private_operational_separation,D11,W1-C02,T05,PROPOSED_NOT_EXECUTED
DE-SEC-005,cross_cutting,"Logs and diagnostics must redact personal, address, coordinate, credential, and token data.",PARTIAL_IMPLEMENTATION,nested_private_log_redaction,D05;D11,W1-C01;W1-C02,T02;T05,PROPOSED_NOT_EXECUTED
DE-SEC-006,cross_cutting,Precise addresses and coordinates must have purpose-limited storage and disclosure.,PARTIAL_IMPLEMENTATION,purpose_limited_own_address_vs_logs,D08;D11,W1-C02;W1-C06,T05;T15,PROPOSED_NOT_EXECUTED
DE-SEC-007,cross_cutting,"Quote, geography, webhook, and diagnostic interfaces must be rate and abuse protected.",PARTIAL_IMPLEMENTATION,cost_budget_contract_runtime_later,D04;D12,W1-C01;W1-C07,T01;T21,PROPOSED_NOT_EXECUTED
DE-SEC-008,cross_cutting,"Secrets must never be committed, exported, logged, or shipped in packages.",PARTIAL_IMPLEMENTATION,no_secret_export_log_package,D05;D11,W1-C01;W1-C02,T02;T05,PROPOSED_NOT_EXECUTED
DE-SEC-009,cross_cutting,"Imports and uploads must resist path traversal, SSRF, archive abuse, and malicious content.",PARTIAL_IMPLEMENTATION,lifecycle_file_selector_boundary_only_no_import_feature,D09,W1-C06,T16;T17,PROPOSED_NOT_EXECUTED
DE-SEC-010,cross_cutting,"Security qualification must include runtime behavior, not only static tool output.",PARTIAL_IMPLEMENTATION,runtime_proofs_before_implementation_claim,D12,W1-C03;W1-C04;W1-C05;W1-C06;W1-C07,T07;T18;T20;T21,PROPOSED_NOT_EXECUTED
DE-UX-008,cross_cutting,Errors must explain recovery without exposing internals or implying false availability.,PARTIAL_IMPLEMENTATION,truthful_safe_recovery_wording,D05;D11,W1-C01;W1-C02,T02;T05,PROPOSED_NOT_EXECUTED
